{"auc": [0.9094762802124023, 0.9828231334686279, 0.9900137782096863, 0.9936183094978333, 0.9951275587081909, 0.9954079985618591, 0.9966309666633606, 0.9973859786987305, 0.9983163475990295, 0.9976451396942139, 0.9984502196311951, 0.9987570643424988, 0.998481035232544, 0.9982537031173706, 0.999093770980835, 0.9994218349456787, 0.9986327886581421, 0.9990691542625427, 0.9990760684013367, 0.9990445375442505, 0.9996793270111084, 0.9995976090431213, 0.9993041753768921, 0.9990774989128113, 0.9997588992118835, 0.9993807077407837, 0.9992247819900513, 0.9994173049926758, 0.999496579170227, 0.999524712562561, 0.9993031024932861, 0.9995656609535217, 0.9995400309562683, 0.9993984699249268, 0.9996516704559326, 0.999538779258728, 0.9998572468757629], "categorical_accuracy": [0.8207222819328308, 0.9296360015869141, 0.945543110370636, 0.9565061330795288, 0.9608770608901978, 0.9576526284217834, 0.9689022898674011, 0.9770708084106445, 0.9777156710624695, 0.9775007367134094, 0.9795786738395691, 0.9824448227882385, 0.9830896854400635, 0.9827314615249634, 0.9858841896057129, 0.9889653325080872, 0.9874606132507324, 0.9860991835594177, 0.9890369772911072, 0.989323616027832, 0.9929779171943665, 0.9916881918907166, 0.9898251891136169, 0.9908999800682068, 0.9925479888916016, 0.9939810633659363, 0.9921897649765015, 0.9936944842338562, 0.9933362007141113, 0.9941244125366211, 0.9944109916687012, 0.9940527081489563, 0.9933362007141113, 0.9926196336746216, 0.9940527081489563, 0.9942677021026611, 0.9956291317939758], "loss": [0.4568142294883728, 0.1663077175617218, 0.12540127336978912, 0.09706465154886246, 0.08477773517370224, 0.08239750564098358, 0.06645938754081726, 0.05883914232254028, 0.04972080886363983, 0.054129086434841156, 0.046460509300231934, 0.040682848542928696, 0.042492903769016266, 0.04289372265338898, 0.03303605690598488, 0.024922650307416916, 0.03383265808224678, 0.031969234347343445, 0.02613581344485283, 0.029975565150380135, 0.017848700284957886, 0.021281877532601357, 0.025357471778988838, 0.023799683898687363, 0.01728857308626175, 0.01612822711467743, 0.02089572884142399, 0.017479879781603813, 0.017283888533711433, 0.015774160623550415, 0.017029527574777603, 0.01728108339011669, 0.01809859648346901, 0.018616991117596626, 0.015739036723971367, 0.015497956424951553, 0.011697579175233841], "precision": [0.8207222819328308, 0.9296360015869141, 0.945543110370636, 0.9565061330795288, 0.9608770608901978, 0.9576526284217834, 0.9689022898674011, 0.9770708084106445, 0.9777156710624695, 0.9775007367134094, 0.9795786738395691, 0.9824448227882385, 0.9830896854400635, 0.9827314615249634, 0.9858841896057129, 0.9889653325080872, 0.9874606132507324, 0.9860991835594177, 0.9890369772911072, 0.989323616027832, 0.9929779171943665, 0.9916881918907166, 0.9898251891136169, 0.9908999800682068, 0.9925479888916016, 0.9939810633659363, 0.9921897649765015, 0.9936944842338562, 0.9933362007141113, 0.9941244125366211, 0.9944109916687012, 0.9940527081489563, 0.9933362007141113, 0.9926196336746216, 0.9940527081489563, 0.9942677021026611, 0.9956291317939758], "recall": [0.8207222819328308, 0.9296360015869141, 0.945543110370636, 0.9565061330795288, 0.9608770608901978, 0.9576526284217834, 0.9689022898674011, 0.9770708084106445, 0.9777156710624695, 0.9775007367134094, 0.9795786738395691, 0.9824448227882385, 0.9830896854400635, 0.9827314615249634, 0.9858841896057129, 0.9889653325080872, 0.9874606132507324, 0.9860991835594177, 0.9890369772911072, 0.989323616027832, 0.9929779171943665, 0.9916881918907166, 0.9898251891136169, 0.9908999800682068, 0.9925479888916016, 0.9939810633659363, 0.9921897649765015, 0.9936944842338562, 0.9933362007141113, 0.9941244125366211, 0.9944109916687012, 0.9940527081489563, 0.9933362007141113, 0.9926196336746216, 0.9940527081489563, 0.9942677021026611, 0.9956291317939758], "val_auc": [0.9895156025886536, 0.993296205997467, 0.9751654863357544, 0.9982354640960693, 0.9973952770233154, 0.998000979423523, 0.9974412322044373, 0.9969931244850159, 0.9975278377532959, 0.9952853918075562, 0.9983208775520325, 0.9947567582130432, 0.9973218441009521, 0.9993276000022888, 0.9993124008178711, 0.996656596660614, 0.9987610578536987, 0.9982372522354126, 0.9989500641822815, 0.9944307208061218, 0.9991987347602844, 0.9983938932418823, 0.9983803629875183, 0.998397946357727, 0.9980212450027466, 0.9976120591163635, 0.9984489679336548, 0.9989749789237976, 0.9989551901817322, 0.9983749985694885, 0.9981730580329895, 0.998935341835022, 0.9983882308006287, 0.9986661076545715, 0.9980995655059814, 0.9983060956001282, 0.9984763264656067], "val_categorical_accuracy": [0.9518754482269287, 0.9596602916717529, 0.9164897203445435, 0.9819532632827759, 0.9780608415603638, 0.9879688620567322, 0.9791224598884583, 0.9815994501113892, 0.979476273059845, 0.9762915968894958, 0.9897381663322449, 0.9709837436676025, 0.986553430557251, 0.9939844012260437, 0.9907997250556946, 0.9861995577812195, 0.9939844012260437, 0.9907997250556946, 0.9907997250556946, 0.9748761653900146, 0.9943382740020752, 0.9915074110031128, 0.993630588054657, 0.9886765480041504, 0.9915074110031128, 0.9854918718338013, 0.993630588054657, 0.9922151565551758, 0.9918612837791443, 0.9883227348327637, 0.9964614510536194, 0.9897381663322449, 0.9922151565551758, 0.992922842502594, 0.9950460195541382, 0.9911535978317261, 0.9953998327255249], "val_loss": [0.1351209282875061, 0.10369988530874252, 0.2263696789741516, 0.05248185992240906, 0.06015269085764885, 0.043919965624809265, 0.05744588002562523, 0.05765189602971077, 0.05437095835804939, 0.07381277531385422, 0.03348616138100624, 0.0825379267334938, 0.0456683412194252, 0.025684358552098274, 0.025700222700834274, 0.048245180398225784, 0.024641117081046104, 0.027644654735922813, 0.026581352576613426, 0.08054153621196747, 0.020875487476587296, 0.030683573335409164, 0.02877720072865486, 0.03534697741270065, 0.03802306577563286, 0.04713872820138931, 0.019696861505508423, 0.026188606396317482, 0.027991322800517082, 0.03935651108622551, 0.023778874427080154, 0.03168516606092453, 0.02778041735291481, 0.02493186481297016, 0.02462540753185749, 0.03008447401225567, 0.024562498554587364], "val_precision": [0.9518754482269287, 0.9596602916717529, 0.9164897203445435, 0.9819532632827759, 0.9780608415603638, 0.9879688620567322, 0.9791224598884583, 0.9815994501113892, 0.979476273059845, 0.9762915968894958, 0.9897381663322449, 0.9709837436676025, 0.986553430557251, 0.9939844012260437, 0.9907997250556946, 0.9861995577812195, 0.9939844012260437, 0.9907997250556946, 0.9907997250556946, 0.9748761653900146, 0.9943382740020752, 0.9915074110031128, 0.993630588054657, 0.9886765480041504, 0.9915074110031128, 0.9854918718338013, 0.993630588054657, 0.9922151565551758, 0.9918612837791443, 0.9883227348327637, 0.9964614510536194, 0.9897381663322449, 0.9922151565551758, 0.992922842502594, 0.9950460195541382, 0.9911535978317261, 0.9953998327255249], "val_recall": [0.9518754482269287, 0.9596602916717529, 0.9164897203445435, 0.9819532632827759, 0.9780608415603638, 0.9879688620567322, 0.9791224598884583, 0.9815994501113892, 0.979476273059845, 0.9762915968894958, 0.9897381663322449, 0.9709837436676025, 0.986553430557251, 0.9939844012260437, 0.9907997250556946, 0.9861995577812195, 0.9939844012260437, 0.9907997250556946, 0.9907997250556946, 0.9748761653900146, 0.9943382740020752, 0.9915074110031128, 0.993630588054657, 0.9886765480041504, 0.9915074110031128, 0.9854918718338013, 0.993630588054657, 0.9922151565551758, 0.9918612837791443, 0.9883227348327637, 0.9964614510536194, 0.9897381663322449, 0.9922151565551758, 0.992922842502594, 0.9950460195541382, 0.9911535978317261, 0.9953998327255249]}