{
  "auc": [
    0.8457228541374207, 0.9405025243759155, 0.9628589749336243,
    0.975253701210022, 0.9803860187530518, 0.9843284487724304,
    0.9875563383102417, 0.9898999333381653, 0.9916604161262512,
    0.9925452470779419, 0.9933187961578369, 0.9936704635620117,
    0.9943274259567261, 0.9937747120857239, 0.9953998923301697,
    0.9953826665878296, 0.9952160120010376, 0.9957678318023682
  ],
  "categorical_accuracy": [
    0.7585268020629883, 0.870378315448761, 0.9054170250892639,
    0.9226139187812805, 0.9338635802268982, 0.9412438869476318,
    0.9484092593193054, 0.9541416168212891, 0.9577242732048035,
    0.960088849067688, 0.9624534249305725, 0.9651762843132019,
    0.9652479290962219, 0.9658211469650269, 0.9686156511306763,
    0.9709802269935608, 0.9723416566848755, 0.9744195938110352
  ],
  "loss": [
    0.6844332814216614, 0.3660307228565216, 0.29687735438346863,
    0.24030537903308868, 0.21252872049808502, 0.18869416415691376,
    0.16951103508472443, 0.15186600387096405, 0.13755878806114197,
    0.12837763130664825, 0.12088087201118469, 0.11686670780181885,
    0.11259258538484573, 0.11476142704486847, 0.10228080302476883,
    0.1000603660941124, 0.09747269749641418, 0.09068506211042404
  ],
  "precision": [
    0.7585268020629883, 0.870378315448761, 0.9054170250892639,
    0.9226139187812805, 0.9338635802268982, 0.9412438869476318,
    0.9484092593193054, 0.9541416168212891, 0.9577242732048035,
    0.960088849067688, 0.9624534249305725, 0.9651762843132019,
    0.9652479290962219, 0.9658211469650269, 0.9686156511306763,
    0.9709802269935608, 0.9723416566848755, 0.9744195938110352
  ],
  "recall": [
    0.7585268020629883, 0.870378315448761, 0.9054170250892639,
    0.9226139187812805, 0.9338635802268982, 0.9412438869476318,
    0.9484092593193054, 0.9541416168212891, 0.9577242732048035,
    0.960088849067688, 0.9624534249305725, 0.9651762843132019,
    0.9652479290962219, 0.9658211469650269, 0.9686156511306763,
    0.9709802269935608, 0.9723416566848755, 0.9744195938110352
  ],
  "val_auc": [
    0.9483734369277954, 0.9822736382484436, 0.9777841567993164,
    0.9883557558059692, 0.9886044859886169, 0.9887101650238037,
    0.9848302006721497, 0.9951889514923096, 0.9853174090385437,
    0.9936246871948242, 0.9856640100479126, 0.9844397306442261,
    0.9794037342071533, 0.9814849495887756, 0.9861962199211121,
    0.979362428188324, 0.9898907542228699, 0.9924097061157227
  ],
  "val_categorical_accuracy": [
    0.8680112957954407, 0.9405519962310791, 0.9217975735664368,
    0.9536447525024414, 0.9554139971733093, 0.9547063112258911,
    0.9493984580039978, 0.9762915968894958, 0.9529370069503784,
    0.9695683121681213, 0.9536447525024414, 0.9557678699493408,
    0.9444444179534912, 0.9472752809524536, 0.9603680372238159,
    0.9476291537284851, 0.966029703617096, 0.9738146066665649
  ],
  "val_loss": [
    0.2880830764770508, 0.17414367198944092, 0.1930570751428604,
    0.1421596258878708, 0.1404775083065033, 0.13668154180049896,
    0.16935564577579498, 0.0826103463768959, 0.1714283525943756,
    0.10713057219982147, 0.17542308568954468, 0.17691154778003693,
    0.21586011350154877, 0.19528107345104218, 0.17070376873016357,
    0.23584142327308655, 0.14440293610095978, 0.11379370093345642
  ],
  "val_precision": [
    0.8680112957954407, 0.9405519962310791, 0.9217975735664368,
    0.9536447525024414, 0.9554139971733093, 0.9547063112258911,
    0.9493984580039978, 0.9762915968894958, 0.9529370069503784,
    0.9695683121681213, 0.9536447525024414, 0.9557678699493408,
    0.9444444179534912, 0.9472752809524536, 0.9603680372238159,
    0.9476291537284851, 0.966029703617096, 0.9738146066665649
  ],
  "val_recall": [
    0.8680112957954407, 0.9405519962310791, 0.9217975735664368,
    0.9536447525024414, 0.9554139971733093, 0.9547063112258911,
    0.9493984580039978, 0.9762915968894958, 0.9529370069503784,
    0.9695683121681213, 0.9536447525024414, 0.9557678699493408,
    0.9444444179534912, 0.9472752809524536, 0.9603680372238159,
    0.9476291537284851, 0.966029703617096, 0.9738146066665649
  ]
}